[{"model": "contenttypes.contenttype", "pk": 1, "fields": {"app_label": "admin", "model": "logentry"}}, {"model": "contenttypes.contenttype", "pk": 2, "fields": {"app_label": "auth", "model": "permission"}}, {"model": "contenttypes.contenttype", "pk": 3, "fields": {"app_label": "auth", "model": "group"}}, {"model": "contenttypes.contenttype", "pk": 4, "fields": {"app_label": "contenttypes", "model": "contenttype"}}, {"model": "contenttypes.contenttype", "pk": 5, "fields": {"app_label": "sessions", "model": "session"}}, {"model": "contenttypes.contenttype", "pk": 6, "fields": {"app_label": "inz", "model": "user"}}, {"model": "contenttypes.contenttype", "pk": 7, "fields": {"app_label": "inz", "model": "picture"}}, {"model": "contenttypes.contenttype", "pk": 8, "fields": {"app_label": "inz", "model": "receipt"}}, {"model": "contenttypes.contenttype", "pk": 9, "fields": {"app_label": "inz", "model": "product"}}, {"model": "contenttypes.contenttype", "pk": 10, "fields": {"app_label": "authtoken", "model": "token"}}, {"model": "contenttypes.contenttype", "pk": 11, "fields": {"app_label": "inz", "model": "shop"}}, {"model": "sessions.session", "pk": "z18llv9ka73byy2qya760fe8kgyc7z8l", "fields": {"session_data": "NzQwYmI2NzhhZjlmZWFkYjRhOWRkMzE1ZjhjYmMyNmM0MjEyMGY5Mjp7Il9hdXRoX3VzZXJfaWQiOiIyIiwiX2F1dGhfdXNlcl9iYWNrZW5kIjoiZGphbmdvLmNvbnRyaWIuYXV0aC5iYWNrZW5kcy5Nb2RlbEJhY2tlbmQiLCJfYXV0aF91c2VyX2hhc2giOiIxYTNkZGUyZTNiYTAyNGNkZWQ2M2NlZTQ0MDkyNDU3MTU3YmIyNGEwIn0=", "expire_date": "2019-11-25T21:21:59.773Z"}}, {"model": "inz.picture", "pk": 1, "fields": {"picture": "automat.png", "created_at": "2019-11-18T13:29:12.964Z"}}, {"model": "inz.picture", "pk": 2, "fields": {"picture": "automat.png", "created_at": "2019-11-18T21:26:38.063Z"}}, {"model": "inz.picture", "pk": 3, "fields": {"picture": "automat_3OBGcYv.png", "created_at": "2019-11-18T21:26:57.072Z"}}, {"model": "inz.picture", "pk": 4, "fields": {"picture": "automat_Uofe8L8.png", "created_at": "2019-11-18T21:27:02.282Z"}}, {"model": "inz.picture", "pk": 5, "fields": {"picture": "automat_CdQyGFE.png", "created_at": "2019-11-18T21:31:42.377Z"}}, {"model": "inz.picture", "pk": 6, "fields": {"picture": "C:/Users/Karol/Desktop/inz2/app/inz/media/automat_rqJTHaz.png", "created_at": "2019-11-18T21:38:15.723Z"}}, {"model": "inz.picture", "pk": 7, "fields": {"picture": "inz/media/automat.png", "created_at": "2019-11-18T21:39:22.745Z"}}, {"model": "inz.picture", "pk": 8, "fields": {"picture": "inz/media/automat_MNqYgSO.png", "created_at": "2019-11-18T21:40:32.608Z"}}, {"model": "inz.picture", "pk": 9, "fields": {"picture": "inz/automat.png", "created_at": "2019-11-18T21:41:19.500Z"}}, {"model": "inz.picture", "pk": 10, "fields": {"picture": "automat_CrZof01.png", "created_at": "2019-11-18T21:41:45.345Z"}}, {"model": "inz.picture", "pk": 11, "fields": {"picture": "inz/media/automat_sUca9nY.png", "created_at": "2019-11-18T21:42:06.748Z"}}, {"model": "inz.picture", "pk": 12, "fields": {"picture": "inz/media/automat_xvfQYVj.png", "created_at": "2019-11-18T21:45:09.553Z"}}, {"model": "inz.picture", "pk": 13, "fields": {"picture": "inz/media/automat_sd9zNoZ.png", "created_at": "2019-11-18T21:45:20.811Z"}}, {"model": "inz.picture", "pk": 14, "fields": {"picture": "inz/media/automat_jQ6pCl4.png", "created_at": "2019-11-18T21:51:00.527Z"}}, {"model": "inz.picture", "pk": 15, "fields": {"picture": "inz/media/automat_ZvE9UIS.png", "created_at": "2019-11-18T21:53:46.429Z"}}, {"model": "inz.picture", "pk": 16, "fields": {"picture": "inz/media/automat_SP8CfXL.png", "created_at": "2019-11-18T21:54:57.406Z"}}, {"model": "inz.picture", "pk": 17, "fields": {"picture": "inz/media/automat_0vJ2Ozi.png", "created_at": "2019-11-18T21:55:09.620Z"}}, {"model": "inz.picture", "pk": 18, "fields": {"picture": "inz/media/automat_eohDhvs.png", "created_at": "2019-11-18T21:55:48.370Z"}}, {"model": "inz.picture", "pk": 19, "fields": {"picture": "inz/media/automat_moSrrTq.png", "created_at": "2019-11-18T21:56:16.350Z"}}, {"model": "inz.picture", "pk": 20, "fields": {"picture": "inz/media/automat_vhd17Th.png", "created_at": "2019-11-19T05:45:45.756Z"}}, {"model": "inz.picture", "pk": 21, "fields": {"picture": "inz/media/automat_JuRD4FA.png", "created_at": "2019-11-19T05:46:56.535Z"}}, {"model": "inz.picture", "pk": 22, "fields": {"picture": "inz/media/automat_zNtkDFy.png", "created_at": "2019-11-19T05:53:21.356Z"}}, {"model": "inz.picture", "pk": 23, "fields": {"picture": "inz/media/img9.jpg", "created_at": "2019-11-19T05:57:20.889Z"}}, {"model": "inz.picture", "pk": 24, "fields": {"picture": "inz/media/img9_HItfqAN.jpg", "created_at": "2019-11-19T05:57:48.675Z"}}, {"model": "inz.picture", "pk": 25, "fields": {"picture": "inz/media/img9_XLyMFtn.jpg", "created_at": "2019-11-19T05:58:02.966Z"}}, {"model": "inz.picture", "pk": 26, "fields": {"picture": "inz/media/img9_xGQSxX0.jpg", "created_at": "2019-11-19T05:58:19.449Z"}}, {"model": "inz.picture", "pk": 27, "fields": {"picture": "inz/media/img9_pKiSJxq.jpg", "created_at": "2019-11-19T05:59:05.638Z"}}, {"model": "inz.picture", "pk": 28, "fields": {"picture": "inz/media/img9_cACdcDa.jpg", "created_at": "2019-11-19T06:00:53.612Z"}}, {"model": "inz.picture", "pk": 29, "fields": {"picture": "inz/media/img9_OsvwiPD.jpg", "created_at": "2019-11-19T06:02:40.305Z"}}, {"model": "inz.picture", "pk": 30, "fields": {"picture": "inz/media/img9_2i6QhWZ.jpg", "created_at": "2019-11-19T16:28:10.196Z"}}, {"model": "inz.picture", "pk": 31, "fields": {"picture": "inz/media/img9_Qy5s1jI.jpg", "created_at": "2019-11-19T16:28:31.256Z"}}, {"model": "inz.picture", "pk": 32, "fields": {"picture": "inz/media/img9_MyrhIft.jpg", "created_at": "2019-11-19T16:37:05.957Z"}}, {"model": "inz.picture", "pk": 33, "fields": {"picture": "inz/media/img9_qWBswu5.jpg", "created_at": "2019-11-19T16:37:23.698Z"}}, {"model": "inz.picture", "pk": 34, "fields": {"picture": "inz/media/img9.jpg", "created_at": "2019-11-19T17:17:27.193Z"}}, {"model": "inz.picture", "pk": 35, "fields": {"picture": "img9.jpg", "created_at": "2019-11-19T17:18:28.150Z"}}, {"model": "inz.picture", "pk": 36, "fields": {"picture": "img9_o2K7Y7Q.jpg", "created_at": "2019-11-19T17:26:11.449Z"}}, {"model": "inz.picture", "pk": 37, "fields": {"picture": "img9_l1eIsn3.jpg", "created_at": "2019-11-19T17:27:15.051Z"}}, {"model": "inz.picture", "pk": 38, "fields": {"picture": "img9_aexaG0g.jpg", "created_at": "2019-11-19T17:27:29.149Z"}}, {"model": "inz.picture", "pk": 39, "fields": {"picture": "img9_47deEft.jpg", "created_at": "2019-11-19T17:27:49.544Z"}}, {"model": "inz.picture", "pk": 40, "fields": {"picture": "img9_eLv43PQ.jpg", "created_at": "2019-11-19T17:28:36.984Z"}}, {"model": "inz.picture", "pk": 41, "fields": {"picture": "img9_Flg9KE3.jpg", "created_at": "2019-11-19T17:29:12.447Z"}}, {"model": "inz.picture", "pk": 42, "fields": {"picture": "img9_lVKKbsf.jpg", "created_at": "2019-11-19T17:29:26.586Z"}}, {"model": "inz.picture", "pk": 43, "fields": {"picture": "img9_OaLuzDm.jpg", "created_at": "2019-11-19T17:31:42.376Z"}}, {"model": "inz.picture", "pk": 44, "fields": {"picture": "img9_7Zum24Q.jpg", "created_at": "2019-11-19T17:32:04.355Z"}}, {"model": "inz.picture", "pk": 45, "fields": {"picture": "img9.jpg", "created_at": "2019-11-19T17:32:48.751Z"}}, {"model": "inz.picture", "pk": 46, "fields": {"picture": "img9_TgSM9ZH.jpg", "created_at": "2019-11-19T17:35:29.715Z"}}, {"model": "inz.picture", "pk": 47, "fields": {"picture": "img9_IKhAh88.jpg", "created_at": "2019-11-19T17:36:48.110Z"}}, {"model": "inz.picture", "pk": 48, "fields": {"picture": "img9_JXPBbCH.jpg", "created_at": "2019-11-19T17:37:07.667Z"}}, {"model": "inz.picture", "pk": 49, "fields": {"picture": "img9_7PK180o.jpg", "created_at": "2019-11-19T17:39:18.955Z"}}, {"model": "inz.picture", "pk": 50, "fields": {"picture": "img9_sCNe2zW.jpg", "created_at": "2019-11-19T17:40:04.497Z"}}, {"model": "inz.picture", "pk": 51, "fields": {"picture": "img9_FXQzCUd.jpg", "created_at": "2019-11-19T17:41:44.148Z"}}, {"model": "inz.picture", "pk": 52, "fields": {"picture": "img9_XFPeeT7.jpg", "created_at": "2019-11-19T17:42:30.221Z"}}, {"model": "inz.picture", "pk": 53, "fields": {"picture": "img9_tcNyin7.jpg", "created_at": "2019-11-19T17:42:36.915Z"}}, {"model": "inz.picture", "pk": 54, "fields": {"picture": "img9_fEyOoeF.jpg", "created_at": "2019-11-19T17:49:57.572Z"}}, {"model": "inz.picture", "pk": 55, "fields": {"picture": "img9_vU8tYl9.jpg", "created_at": "2019-11-19T17:52:22.480Z"}}, {"model": "inz.picture", "pk": 56, "fields": {"picture": "img9_KecBybw.jpg", "created_at": "2019-11-19T17:52:59.697Z"}}, {"model": "inz.picture", "pk": 57, "fields": {"picture": "img9_LBVxCWm.jpg", "created_at": "2019-11-19T17:53:08.247Z"}}, {"model": "inz.picture", "pk": 58, "fields": {"picture": "img9_6wNyzg4.jpg", "created_at": "2019-11-19T17:53:33.267Z"}}, {"model": "inz.picture", "pk": 59, "fields": {"picture": "img9_HIQpweP.jpg", "created_at": "2019-11-19T17:53:50.682Z"}}, {"model": "inz.picture", "pk": 60, "fields": {"picture": "img9_gtxnqb1.jpg", "created_at": "2019-11-19T17:54:42.679Z"}}, {"model": "inz.picture", "pk": 61, "fields": {"picture": "img9_PyDdEQR.jpg", "created_at": "2019-11-19T17:55:13.946Z"}}, {"model": "inz.picture", "pk": 62, "fields": {"picture": "img9_DXbmZFp.jpg", "created_at": "2019-11-19T17:58:46.424Z"}}, {"model": "inz.picture", "pk": 63, "fields": {"picture": "img9_bRC3ZO9.jpg", "created_at": "2019-11-19T17:58:51.457Z"}}, {"model": "inz.picture", "pk": 64, "fields": {"picture": "img9_GOlYjU0.jpg", "created_at": "2019-11-19T18:56:49.203Z"}}, {"model": "inz.picture", "pk": 65, "fields": {"picture": "img9_cqu0NtI.jpg", "created_at": "2019-12-16T12:40:44.555Z"}}, {"model": "inz.picture", "pk": 66, "fields": {"picture": "img9_RAw3wh2.jpg", "created_at": "2019-12-16T12:42:49.560Z"}}, {"model": "inz.picture", "pk": 67, "fields": {"picture": "img9_gN1sAhy.jpg", "created_at": "2019-12-16T12:43:41.665Z"}}, {"model": "inz.picture", "pk": 68, "fields": {"picture": "img9_V1ttX6N.jpg", "created_at": "2019-12-16T12:44:45.065Z"}}, {"model": "inz.picture", "pk": 69, "fields": {"picture": "img9_5GmfhZS.jpg", "created_at": "2019-12-16T12:47:24.891Z"}}, {"model": "inz.picture", "pk": 70, "fields": {"picture": "img9_wry6sSd.jpg", "created_at": "2019-12-16T12:54:02.849Z"}}, {"model": "inz.picture", "pk": 71, "fields": {"picture": "img9_JezsiZK.jpg", "created_at": "2019-12-16T12:54:37.884Z"}}, {"model": "inz.picture", "pk": 72, "fields": {"picture": "img9_tHDivdO.jpg", "created_at": "2019-12-16T13:05:18.609Z"}}, {"model": "inz.picture", "pk": 73, "fields": {"picture": "img9_8lWilUx.jpg", "created_at": "2019-12-16T13:07:06.834Z"}}, {"model": "inz.picture", "pk": 74, "fields": {"picture": "img9_aUVbbbz.jpg", "created_at": "2019-12-16T13:10:29.616Z"}}, {"model": "inz.picture", "pk": 75, "fields": {"picture": "img1.jpg", "created_at": "2019-12-16T19:50:29.158Z"}}, {"model": "inz.picture", "pk": 76, "fields": {"picture": "img1_wUcUboM.jpg", "created_at": "2019-12-16T19:56:50.414Z"}}, {"model": "inz.picture", "pk": 77, "fields": {"picture": "img1_MehNTex.jpg", "created_at": "2019-12-16T20:03:07.911Z"}}, {"model": "inz.picture", "pk": 78, "fields": {"picture": "img5.jpg", "created_at": "2019-12-16T20:03:35.074Z"}}, {"model": "inz.picture", "pk": 79, "fields": {"picture": "img5_AK7usts.jpg", "created_at": "2019-12-16T20:06:11.038Z"}}, {"model": "inz.picture", "pk": 80, "fields": {"picture": "img5_WK1ploH.jpg", "created_at": "2019-12-16T20:11:13.712Z"}}, {"model": "inz.picture", "pk": 81, "fields": {"picture": "img5_I7BdMUV.jpg", "created_at": "2019-12-16T20:11:50.821Z"}}, {"model": "inz.picture", "pk": 82, "fields": {"picture": "img5_JZqwrP4.jpg", "created_at": "2019-12-16T20:12:54.286Z"}}, {"model": "inz.picture", "pk": 83, "fields": {"picture": "img5_sa5pmcj.jpg", "created_at": "2019-12-16T20:13:43.454Z"}}, {"model": "inz.picture", "pk": 84, "fields": {"picture": "img5_7VohUph.jpg", "created_at": "2019-12-16T20:14:14.754Z"}}, {"model": "inz.picture", "pk": 85, "fields": {"picture": "img5_HQFWYJR.jpg", "created_at": "2019-12-16T20:14:45.073Z"}}, {"model": "inz.picture", "pk": 86, "fields": {"picture": "img5_hupaZN8.jpg", "created_at": "2019-12-16T20:15:16.756Z"}}, {"model": "inz.picture", "pk": 87, "fields": {"picture": "img5_mhkUTtq.jpg", "created_at": "2019-12-16T20:15:52.272Z"}}, {"model": "inz.picture", "pk": 88, "fields": {"picture": "img5_bX03Ip9.jpg", "created_at": "2019-12-16T20:17:38.628Z"}}, {"model": "inz.picture", "pk": 89, "fields": {"picture": "img4.jpg", "created_at": "2019-12-16T20:20:03.095Z"}}, {"model": "inz.picture", "pk": 90, "fields": {"picture": "img6.jpg", "created_at": "2019-12-16T20:20:10.298Z"}}, {"model": "inz.picture", "pk": 91, "fields": {"picture": "img9_35QrLeW.jpg", "created_at": "2019-12-16T20:20:20.785Z"}}, {"model": "inz.picture", "pk": 92, "fields": {"picture": "img9_Hm2pX2q.jpg", "created_at": "2019-12-16T20:20:58.931Z"}}, {"model": "inz.picture", "pk": 93, "fields": {"picture": "img8.jpg", "created_at": "2019-12-16T20:21:15.416Z"}}, {"model": "inz.picture", "pk": 94, "fields": {"picture": "img4_Ca1Kwq7.jpg", "created_at": "2019-12-16T20:21:23.268Z"}}, {"model": "inz.picture", "pk": 95, "fields": {"picture": "img4_1nbG6fd.jpg", "created_at": "2019-12-16T20:22:02.168Z"}}, {"model": "inz.picture", "pk": 96, "fields": {"picture": "img1_tJTxlg5.jpg", "created_at": "2019-12-16T20:22:11.221Z"}}, {"model": "inz.picture", "pk": 97, "fields": {"picture": "img4_lIHeepS.jpg", "created_at": "2019-12-16T20:22:21.902Z"}}, {"model": "inz.picture", "pk": 98, "fields": {"picture": "img9_bLsj92W.jpg", "created_at": "2019-12-16T20:22:46.470Z"}}, {"model": "inz.picture", "pk": 99, "fields": {"picture": "img5_Rha53E7.jpg", "created_at": "2019-12-16T20:22:59.480Z"}}, {"model": "inz.picture", "pk": 100, "fields": {"picture": "img9_zmpeTr7.jpg", "created_at": "2019-12-16T20:23:50.489Z"}}, {"model": "inz.picture", "pk": 101, "fields": {"picture": "img9_YaoXx9y.jpg", "created_at": "2019-12-17T16:48:03.032Z"}}, {"model": "inz.picture", "pk": 102, "fields": {"picture": "img9_nHA0jti.jpg", "created_at": "2019-12-17T16:51:04.529Z"}}, {"model": "inz.picture", "pk": 103, "fields": {"picture": "img9_0ATbKVr.jpg", "created_at": "2019-12-17T17:50:48.175Z"}}, {"model": "inz.picture", "pk": 104, "fields": {"picture": "img9_fPRxbzv.jpg", "created_at": "2019-12-17T17:56:26.725Z"}}, {"model": "inz.picture", "pk": 105, "fields": {"picture": "img9_NcKAjsI.jpg", "created_at": "2019-12-17T18:30:30.034Z"}}, {"model": "inz.picture", "pk": 106, "fields": {"picture": "temp.png", "created_at": "2019-12-17T18:36:33.365Z"}}, {"model": "inz.picture", "pk": 107, "fields": {"picture": "temp.jpg", "created_at": "2019-12-17T18:40:02.643Z"}}, {"model": "inz.picture", "pk": 108, "fields": {"picture": "temp_ZkJnSqk.jpg", "created_at": "2019-12-17T18:48:06.574Z"}}, {"model": "inz.picture", "pk": 109, "fields": {"picture": "temp.jpg", "created_at": "2019-12-17T18:49:31.326Z"}}, {"model": "inz.picture", "pk": 110, "fields": {"picture": "img9.jpg", "created_at": "2019-12-17T19:00:04.684Z"}}, {"model": "inz.picture", "pk": 111, "fields": {"picture": "temp_y4gpwbz.jpg", "created_at": "2019-12-17T19:12:52.818Z"}}, {"model": "inz.picture", "pk": 112, "fields": {"picture": "temp_TT6N5yh.jpg", "created_at": "2019-12-17T19:15:41.490Z"}}, {"model": "inz.picture", "pk": 113, "fields": {"picture": "temp.jpg", "created_at": "2019-12-17T19:17:39.875Z"}}, {"model": "inz.picture", "pk": 114, "fields": {"picture": "img9_lwFkQJA.jpg", "created_at": "2019-12-17T19:24:49.176Z"}}, {"model": "inz.picture", "pk": 115, "fields": {"picture": "temp_58H8DbA.jpg", "created_at": "2019-12-17T19:31:14.796Z"}}, {"model": "inz.picture", "pk": 116, "fields": {"picture": "temp.png", "created_at": "2019-12-17T19:40:50.443Z"}}, {"model": "inz.picture", "pk": 117, "fields": {"picture": "temp_iOHlWb2.png", "created_at": "2019-12-17T19:50:10.985Z"}}, {"model": "inz.picture", "pk": 118, "fields": {"picture": "temp_NESJKU4.png", "created_at": "2019-12-17T20:34:22.436Z"}}, {"model": "inz.picture", "pk": 119, "fields": {"picture": "temp_RSdacPZ.png", "created_at": "2019-12-17T20:37:11.162Z"}}, {"model": "inz.picture", "pk": 120, "fields": {"picture": "temp_cKz1QzK.png", "created_at": "2019-12-20T20:15:22.039Z"}}, {"model": "inz.picture", "pk": 121, "fields": {"picture": "temp_SNKYwXl.png", "created_at": "2019-12-20T20:39:44.501Z"}}, {"model": "inz.picture", "pk": 122, "fields": {"picture": "temp_f5wwtse.png", "created_at": "2019-12-20T20:41:37.493Z"}}, {"model": "inz.picture", "pk": 123, "fields": {"picture": "temp_8ZbgeQj.png", "created_at": "2019-12-20T20:42:39.927Z"}}, {"model": "inz.product", "pk": 1, "fields": {"name": "Chlebek", "amount": "3.00", "price": "3.99", "receipt": null, "created_at": "2019-11-18T11:56:23.778Z", "updated_at": "2019-11-18T11:56:23.778Z"}}, {"model": "inz.product", "pk": 2, "fields": {"name": "Chlebek", "amount": "3.00", "price": "3.99", "receipt": null, "created_at": "2019-11-18T12:20:54.614Z", "updated_at": "2019-11-18T12:20:54.614Z"}}, {"model": "inz.product", "pk": 3, "fields": {"name": "Chlebek", "amount": "3.00", "price": "3.99", "receipt": null, "created_at": "2019-11-18T12:21:45.828Z", "updated_at": "2019-11-18T12:21:45.828Z"}}, {"model": "inz.product", "pk": 4, "fields": {"name": "Chlebek", "amount": "3.00", "price": "3.99", "receipt": null, "created_at": "2019-11-18T12:21:46.910Z", "updated_at": "2019-11-18T12:21:46.910Z"}}, {"model": "inz.product", "pk": 5, "fields": {"name": "Chlebek", "amount": "3.00", "price": "3.99", "receipt": null, "created_at": "2019-11-18T12:21:47.679Z", "updated_at": "2019-11-18T12:21:47.679Z"}}, {"model": "inz.product", "pk": 6, "fields": {"name": "Chlebek", "amount": "3.00", "price": "3.99", "receipt": null, "created_at": "2019-11-18T12:23:31.983Z", "updated_at": "2019-11-18T12:23:31.983Z"}}, {"model": "inz.product", "pk": 8, "fields": {"name": "kaszka", "amount": "3.00", "price": "3.99", "receipt": 8, "created_at": "2019-11-18T12:25:47.234Z", "updated_at": "2019-11-18T13:22:26.055Z"}}, {"model": "inz.product", "pk": 9, "fields": {"name": "Chlebek", "amount": "3.00", "price": "3.99", "receipt": 8, "created_at": "2019-12-16T08:11:30.397Z", "updated_at": "2019-12-16T08:11:30.397Z"}}, {"model": "inz.product", "pk": 10, "fields": {"name": "Chlebek", "amount": "3.00", "price": "3.99", "receipt": 1, "created_at": "2019-12-16T08:11:40.936Z", "updated_at": "2019-12-16T08:11:40.936Z"}}, {"model": "inz.product", "pk": 11, "fields": {"name": "Chlebek", "amount": "3.00", "price": "3.99", "receipt": 2, "created_at": "2019-12-16T08:11:43.250Z", "updated_at": "2019-12-16T08:11:43.250Z"}}, {"model": "inz.product", "pk": 12, "fields": {"name": "Chlebek", "amount": "3.00", "price": "3.99", "receipt": 3, "created_at": "2019-12-16T08:11:50.644Z", "updated_at": "2019-12-16T08:11:50.644Z"}}, {"model": "inz.product", "pk": 13, "fields": {"name": "Chlebek", "amount": "3.00", "price": "3.99", "receipt": 4, "created_at": "2019-12-16T08:11:58.176Z", "updated_at": "2019-12-16T08:11:58.176Z"}}, {"model": "inz.product", "pk": 14, "fields": {"name": "Chlebek", "amount": "3.00", "price": "3.99", "receipt": 5, "created_at": "2019-12-16T08:12:00.981Z", "updated_at": "2019-12-16T08:12:00.981Z"}}, {"model": "inz.product", "pk": 15, "fields": {"name": "Chlebek", "amount": "3.00", "price": "3.99", "receipt": 6, "created_at": "2019-12-16T08:12:06.133Z", "updated_at": "2019-12-16T08:12:06.133Z"}}, {"model": "inz.product", "pk": 16, "fields": {"name": "Chlebek", "amount": "3.00", "price": "3.99", "receipt": 8, "created_at": "2019-12-16T08:12:24.673Z", "updated_at": "2019-12-16T08:12:24.673Z"}}, {"model": "inz.product", "pk": 17, "fields": {"name": "Chlebek", "amount": "3.00", "price": "3.99", "receipt": 8, "created_at": "2019-12-16T08:21:19.510Z", "updated_at": "2019-12-16T08:21:19.510Z"}}, {"model": "inz.product", "pk": 18, "fields": {"name": "Chlebek", "amount": "3.00", "price": "3.99", "receipt": 8, "created_at": "2019-12-16T08:21:20.526Z", "updated_at": "2019-12-16T08:21:20.526Z"}}, {"model": "inz.product", "pk": 19, "fields": {"name": "Chlebek", "amount": "3.00", "price": "3.99", "receipt": 8, "created_at": "2019-12-16T08:21:21.093Z", "updated_at": "2019-12-16T08:21:21.093Z"}}, {"model": "inz.product", "pk": 20, "fields": {"name": "Chlebek", "amount": "3.00", "price": "3.99", "receipt": 8, "created_at": "2019-12-16T08:21:21.611Z", "updated_at": "2019-12-16T08:21:21.611Z"}}, {"model": "inz.product", "pk": 21, "fields": {"name": "Co\u015b", "amount": "2.00", "price": "13.54", "receipt": 10, "created_at": "2019-12-16T10:01:33.750Z", "updated_at": "2019-12-16T10:01:33.778Z"}}, {"model": "inz.product", "pk": 22, "fields": {"name": "Chlebek", "amount": "3.00", "price": "3.99", "receipt": 13, "created_at": "2019-12-19T19:22:40.547Z", "updated_at": "2019-12-19T19:22:40.547Z"}}, {"model": "inz.product", "pk": 23, "fields": {"name": "Co\u015b dobrego", "amount": "12.00", "price": "5.99", "receipt": 13, "created_at": "2019-12-19T19:22:55.618Z", "updated_at": "2019-12-19T19:22:55.618Z"}}, {"model": "inz.product", "pk": 24, "fields": {"name": "robal", "amount": "12.00", "price": "5.99", "receipt": 14, "created_at": "2019-12-19T19:26:54.644Z", "updated_at": "2019-12-19T19:26:54.644Z"}}, {"model": "inz.shop", "pk": 1, "fields": {"name": "Lidl", "category": "Spo\u017cywczy"}}, {"model": "inz.shop", "pk": 2, "fields": {"name": "Biedronka", "category": "Spo\u017cywczy"}}, {"model": "inz.shop", "pk": 3, "fields": {"name": "Obi", "category": "Budowlany"}}, {"model": "inz.shop", "pk": 4, "fields": {"name": "Majster", "category": "Budowlany"}}, {"model": "auth.permission", "pk": 1, "fields": {"name": "Can add log entry", "content_type": 1, "codename": "add_logentry"}}, {"model": "auth.permission", "pk": 2, "fields": {"name": "Can change log entry", "content_type": 1, "codename": "change_logentry"}}, {"model": "auth.permission", "pk": 3, "fields": {"name": "Can delete log entry", "content_type": 1, "codename": "delete_logentry"}}, {"model": "auth.permission", "pk": 4, "fields": {"name": "Can view log entry", "content_type": 1, "codename": "view_logentry"}}, {"model": "auth.permission", "pk": 5, "fields": {"name": "Can add permission", "content_type": 2, "codename": "add_permission"}}, {"model": "auth.permission", "pk": 6, "fields": {"name": "Can change permission", "content_type": 2, "codename": "change_permission"}}, {"model": "auth.permission", "pk": 7, "fields": {"name": "Can delete permission", "content_type": 2, "codename": "delete_permission"}}, {"model": "auth.permission", "pk": 8, "fields": {"name": "Can view permission", "content_type": 2, "codename": "view_permission"}}, {"model": "auth.permission", "pk": 9, "fields": {"name": "Can add group", "content_type": 3, "codename": "add_group"}}, {"model": "auth.permission", "pk": 10, "fields": {"name": "Can change group", "content_type": 3, "codename": "change_group"}}, {"model": "auth.permission", "pk": 11, "fields": {"name": "Can delete group", "content_type": 3, "codename": "delete_group"}}, {"model": "auth.permission", "pk": 12, "fields": {"name": "Can view group", "content_type": 3, "codename": "view_group"}}, {"model": "auth.permission", "pk": 13, "fields": {"name": "Can add content type", "content_type": 4, "codename": "add_contenttype"}}, {"model": "auth.permission", "pk": 14, "fields": {"name": "Can change content type", "content_type": 4, "codename": "change_contenttype"}}, {"model": "auth.permission", "pk": 15, "fields": {"name": "Can delete content type", "content_type": 4, "codename": "delete_contenttype"}}, {"model": "auth.permission", "pk": 16, "fields": {"name": "Can view content type", "content_type": 4, "codename": "view_contenttype"}}, {"model": "auth.permission", "pk": 17, "fields": {"name": "Can add session", "content_type": 5, "codename": "add_session"}}, {"model": "auth.permission", "pk": 18, "fields": {"name": "Can change session", "content_type": 5, "codename": "change_session"}}, {"model": "auth.permission", "pk": 19, "fields": {"name": "Can delete session", "content_type": 5, "codename": "delete_session"}}, {"model": "auth.permission", "pk": 20, "fields": {"name": "Can view session", "content_type": 5, "codename": "view_session"}}, {"model": "auth.permission", "pk": 21, "fields": {"name": "Can add user", "content_type": 6, "codename": "add_user"}}, {"model": "auth.permission", "pk": 22, "fields": {"name": "Can change user", "content_type": 6, "codename": "change_user"}}, {"model": "auth.permission", "pk": 23, "fields": {"name": "Can delete user", "content_type": 6, "codename": "delete_user"}}, {"model": "auth.permission", "pk": 24, "fields": {"name": "Can view user", "content_type": 6, "codename": "view_user"}}, {"model": "auth.permission", "pk": 25, "fields": {"name": "Can add picture", "content_type": 7, "codename": "add_picture"}}, {"model": "auth.permission", "pk": 26, "fields": {"name": "Can change picture", "content_type": 7, "codename": "change_picture"}}, {"model": "auth.permission", "pk": 27, "fields": {"name": "Can delete picture", "content_type": 7, "codename": "delete_picture"}}, {"model": "auth.permission", "pk": 28, "fields": {"name": "Can view picture", "content_type": 7, "codename": "view_picture"}}, {"model": "auth.permission", "pk": 29, "fields": {"name": "Can add receipt", "content_type": 8, "codename": "add_receipt"}}, {"model": "auth.permission", "pk": 30, "fields": {"name": "Can change receipt", "content_type": 8, "codename": "change_receipt"}}, {"model": "auth.permission", "pk": 31, "fields": {"name": "Can delete receipt", "content_type": 8, "codename": "delete_receipt"}}, {"model": "auth.permission", "pk": 32, "fields": {"name": "Can view receipt", "content_type": 8, "codename": "view_receipt"}}, {"model": "auth.permission", "pk": 33, "fields": {"name": "Can add product", "content_type": 9, "codename": "add_product"}}, {"model": "auth.permission", "pk": 34, "fields": {"name": "Can change product", "content_type": 9, "codename": "change_product"}}, {"model": "auth.permission", "pk": 35, "fields": {"name": "Can delete product", "content_type": 9, "codename": "delete_product"}}, {"model": "auth.permission", "pk": 36, "fields": {"name": "Can view product", "content_type": 9, "codename": "view_product"}}, {"model": "auth.permission", "pk": 37, "fields": {"name": "Can add Token", "content_type": 10, "codename": "add_token"}}, {"model": "auth.permission", "pk": 38, "fields": {"name": "Can change Token", "content_type": 10, "codename": "change_token"}}, {"model": "auth.permission", "pk": 39, "fields": {"name": "Can delete Token", "content_type": 10, "codename": "delete_token"}}, {"model": "auth.permission", "pk": 40, "fields": {"name": "Can view Token", "content_type": 10, "codename": "view_token"}}, {"model": "auth.permission", "pk": 41, "fields": {"name": "Can add shop", "content_type": 11, "codename": "add_shop"}}, {"model": "auth.permission", "pk": 42, "fields": {"name": "Can change shop", "content_type": 11, "codename": "change_shop"}}, {"model": "auth.permission", "pk": 43, "fields": {"name": "Can delete shop", "content_type": 11, "codename": "delete_shop"}}, {"model": "auth.permission", "pk": 44, "fields": {"name": "Can view shop", "content_type": 11, "codename": "view_shop"}}, {"model": "inz.user", "pk": 1, "fields": {"password": "pbkdf2_sha256$150000$GCXET7lj2e6Q$WGFQa4cR6eS0VWG3zI8HBwIS4Wbg1lMIWUVlBO2LGXU=", "last_login": null, "is_superuser": false, "email": "costam@cos.pl", "first_name": null, "last_name": null, "date_joined": "2019-11-11T21:16:48.123Z", "is_active": true, "is_staff": false, "avatar": "", "groups": [], "user_permissions": []}}, {"model": "inz.user", "pk": 2, "fields": {"password": "pbkdf2_sha256$150000$3xlQ9LdAoNZE$Uwraukc7qfea/gbb8Ti0BBn55QsLsh24Z0IMts2yyyI=", "last_login": "2019-11-11T21:21:59.766Z", "is_superuser": true, "email": "admin@admin.pl", "first_name": null, "last_name": null, "date_joined": "2019-11-11T21:21:45.385Z", "is_active": true, "is_staff": true, "avatar": "", "groups": [], "user_permissions": []}}, {"model": "inz.user", "pk": 3, "fields": {"password": "pbkdf2_sha256$150000$KI8i5fBevZj9$EV17xJeC3xD0c07pR4hXusUWRSeCdMMil0RaWqec7Ek=", "last_login": null, "is_superuser": false, "email": "qwerty@qwe.qw", "first_name": "dsds", "last_name": "fdsfdsdsf", "date_joined": "2019-12-10T21:43:55.595Z", "is_active": true, "is_staff": false, "avatar": "", "groups": [], "user_permissions": []}}, {"model": "inz.user", "pk": 4, "fields": {"password": "pbkdf2_sha256$150000$RPRTHWdjmodO$vW8OaZYtSekT/sb7qgVFx8+hCUOtwX6ivWVCPbVWxHE=", "last_login": null, "is_superuser": false, "email": "ktostam@ktos.pl", "first_name": "ktos", "last_name": "tam", "date_joined": "2019-12-16T11:46:22.113Z", "is_active": true, "is_staff": false, "avatar": "", "groups": [], "user_permissions": []}}, {"model": "inz.receipt", "pk": 1, "fields": {"shop": "wadO", "date": "2019-11-05", "user": null, "created_at": "2019-11-11T21:17:41.014Z", "image": null, "updated_at": "2019-11-11T21:17:41.014Z"}}, {"model": "inz.receipt", "pk": 2, "fields": {"shop": "wadO", "date": "2019-11-05", "user": null, "created_at": "2019-11-11T21:17:42.376Z", "image": null, "updated_at": "2019-11-11T21:17:42.376Z"}}, {"model": "inz.receipt", "pk": 3, "fields": {"shop": "wadO", "date": "2019-11-05", "user": null, "created_at": "2019-11-11T21:17:42.992Z", "image": null, "updated_at": "2019-11-11T21:17:42.992Z"}}, {"model": "inz.receipt", "pk": 4, "fields": {"shop": "wadO", "date": "2019-11-05", "user": null, "created_at": "2019-11-11T21:17:43.345Z", "image": null, "updated_at": "2019-11-11T21:17:43.345Z"}}, {"model": "inz.receipt", "pk": 5, "fields": {"shop": "wadO", "date": "2019-11-05", "user": null, "created_at": "2019-11-11T21:17:43.771Z", "image": null, "updated_at": "2019-11-11T21:17:43.771Z"}}, {"model": "inz.receipt", "pk": 6, "fields": {"shop": "wadOfdsfs", "date": "2019-11-05", "user": null, "created_at": "2019-11-11T21:18:53.503Z", "image": null, "updated_at": "2019-11-11T21:18:53.503Z"}}, {"model": "inz.receipt", "pk": 8, "fields": {"shop": "dfsfdsds", "date": "2016-11-11", "user": 1, "created_at": "2019-11-17T20:40:15.106Z", "image": null, "updated_at": "2019-11-18T12:15:13.883Z"}}, {"model": "inz.receipt", "pk": 9, "fields": {"shop": "wadOfdsfs", "date": "2019-11-05", "user": 1, "created_at": "2019-11-18T12:12:17.871Z", "image": null, "updated_at": "2019-11-18T12:12:17.871Z"}}, {"model": "inz.receipt", "pk": 10, "fields": {"shop": "wadOfdsfs", "date": "2019-11-05", "user": 1, "created_at": "2019-11-18T12:12:19.020Z", "image": null, "updated_at": "2019-11-18T12:12:19.020Z"}}, {"model": "inz.receipt", "pk": 11, "fields": {"shop": "wadOfdsfs", "date": "2019-11-05", "user": 1, "created_at": "2019-12-19T19:02:08.221Z", "image": null, "updated_at": "2019-12-19T19:02:08.221Z"}}, {"model": "inz.receipt", "pk": 12, "fields": {"shop": "tarys", "date": "2011-11-05", "user": 1, "created_at": "2019-12-19T19:11:03.564Z", "image": null, "updated_at": "2019-12-19T19:11:03.564Z"}}, {"model": "inz.receipt", "pk": 13, "fields": {"shop": "obi", "date": "2019-11-05", "user": 1, "created_at": "2019-12-19T19:21:40.004Z", "image": null, "updated_at": "2019-12-19T19:21:40.005Z"}}, {"model": "inz.receipt", "pk": 14, "fields": {"shop": "biedronka", "date": "2019-12-05", "user": 1, "created_at": "2019-12-19T19:26:17.788Z", "image": null, "updated_at": "2019-12-19T19:26:17.788Z"}}, {"model": "authtoken.token", "pk": "4cb0603ae6faab065a40122c2aaf3f4f605adce6", "fields": {"user": 1, "created": "2019-11-11T21:16:59.046Z"}}, {"model": "authtoken.token", "pk": "6f3d000fe02b27dbf87c1eb306ecca682d32b276", "fields": {"user": 3, "created": "2019-12-10T21:44:21.094Z"}}, {"model": "authtoken.token", "pk": "b6f738cb432b32f44eccd4a4bb6130429f08159d", "fields": {"user": 4, "created": "2019-12-16T11:46:45.091Z"}}]